="0050","元大台灣50","30,683","667","3,959,355","129.05","129.05","95,480","129.10","2,800",
="0051","元大中型100","155","4","7,566","48.82","48.82","1,433","49.31","1,155",
="0052","富邦科技","656","16","76,287","116.30","116.30","5,713","117.00","87",
="0053","元大電子","20","1","1,225","61.25","61.25","1,169","61.70","1,879",
="0054","元大台商50","10","1","291","29.10","28.90","1,599","29.10","305",
="0055","元大MSCI金融","70","1","1,435","20.50","20.50","2,961","20.59","662",
="0056","元大高股息","25,553","246","861,031","33.70","33.70","134,595","33.73","5,969",
="0057","富邦摩台","0","0","0","--","85.90","1,099","86.35","834",
="0061","元大寶滬深","700","1","16,380","23.40","23.40","4,213","23.60","1,256",
="006203","元大MSCI台灣","0","0","0","--","59.05","1,198","60.25","324",
="006204","永豐臺灣加權","1","1","79","79.50","78.50","698","79.50","1,131",
="006205","富邦上証","3,453","16","131,033","37.95","37.95","6,238","--","0",
="006206","元大上證50","124","2","4,719","38.06","38.06","441","--","0",
="006207","FH滬深","200","2","6,127","30.64","30.61","1,297","30.64","854",
="006208","富邦台50","14,708","166","1,091,293","74.20","74.15","33,021","74.20","947",
="00625K","富邦上証+R","0","0","0","--","--","0","--","0",
="00631L","元大台灣50正2","350","4","37,100","106.00","105.70","2,284","106.00","1,467",
="00632R","元大台灣50反1","8,001","29","50,473","6.31","6.31","16,339","6.33","9,875",
="00633L","富邦上証正2","0","0","0","--","66.75","1,179","67.10","1,666",
="00634R","富邦上証反1","0","0","0","--","3.80","100","4.40","1,954",
="00635U","期元大S&P黃金","500","3","12,229","24.46","24.46","1,165","24.80","350",
="00636","國泰中國A50","180","4","4,880","27.12","27.12","1,282","--","0",
="00636K","國泰中國A50+U","0","0","0","--","--","0","--","0",
="00637L","元大滬深300正2","1,000","6","26,289","26.29","26.29","6,318","26.55","2,006",
="00638R","元大滬深300反1","0","0","0","--","7.67","4,100","--","0",
="00639","富邦深100","2,342","7","38,805","16.57","16.57","3,424","16.63","827",
="00640L","富邦日本正2","0","0","0","--","26.84","573","26.93","1,479",
="00641R","富邦日本反1","0","0","0","--","10.95","974","11.02","403",
="00642U","期元大S&P石油","110","1","1,200","10.91","10.90","1,150","10.91","5,631",
="00643","群益深証中小","812","4","13,762","16.95","16.95","2,198","--","0",
="00643K","群益深証中小+R","0","0","0","--","--","0","--","0",
="00645","富邦日本","284","1","6,969","24.54","24.52","986","24.54","1,560",
="00646","元大S&P500","1,612","14","57,012","35.37","35.37","5,082","35.70","764",
="00647L","元大S&P500正2","0","0","0","--","58.80","298","60.25","523",
="00648R","元大S&P500反1","0","0","0","--","7.46","2,099","7.56","2,148",
="00650L","FH香港正2","0","0","0","--","28.40","10,590","28.44","10,543",
="00651R","FH香港反1","0","0","0","--","7.04","10,466","7.06","11,514",
="00652","富邦印度","462","1","11,374","24.62","24.61","201","24.62","1,976",
="00653L","富邦印度正2","0","0","0","--","33.63","2,099","34.20","332",
="00654R","富邦印度反1","0","0","0","--","9.61","4,100","--","0",
="00655L","國泰中國A50正2","4","1","199","49.97","49.97","4,112","50.50","551",
="00656R","國泰中國A50反1","0","0","0","--","7.01","4,100","--","0",
="00657","國泰日經225","0","0","0","--","34.25","868","34.46","232",
="00657K","國泰日經225+U","0","0","0","--","--","0","--","0",
="00660","元大歐洲50","0","0","0","--","27.66","1,100","28.20","842",
="00661","元大日經225","0","0","0","--","33.78","100","34.63","320",
="00662","富邦NASDAQ","534","4","25,267","47.32","47.32","973","47.34","1,503",
="00663L","國泰臺灣加權正2","0","0","0","--","93.35","1,100","93.80","3",
="00664R","國泰臺灣加權反1","0","0","0","--","7.15","1,491","--","0",
="00665L","富邦恒生國企正2","0","0","0","--","22.51","1,100","22.95","402",
="00666R","富邦恒生國企反1","0","0","0","--","11.22","4,100","--","0",
="00668","國泰美國道瓊","130","2","4,524","34.80","34.80","1,758","34.90","852",
="00668K","國泰美國道瓊+U","0","0","0","--","--","0","--","0",
="00669R","國泰美國道瓊反1","0","0","0","--","8.12","1,100","8.15","1,913",
="00670L","富邦NASDAQ正2","40","1","3,396","84.90","84.20","173","84.90","55",
="00671R","富邦NASDAQ反1","0","0","0","--","6.01","4,100","--","0",
="00673R","期元大S&P原油反1","0","0","0","--","17.29","1,099","18.06","999",
="00674R","期元大S&P黃金反1","0","0","0","--","12.81","4,100","--","0",
="00675L","富邦臺灣加權正2","0","0","0","--","40.30","300","--","0",
="00676R","富邦臺灣加權反1","0","0","0","--","3.92","1,222","--","0",
="00677U","期富邦VIX","534","4","975","1.83","1.83","266","1.86","5,229",
="00678","群益NBI生技","37","1","976","26.39","26.39","374","26.66","470",
="00680L","元大美債20正2","0","0","0","--","21.01","100","21.80","669",
="00681R","元大美債20反1","0","0","0","--","14.18","4,100","--","0",
="00682U","期元大美元指數","0","0","0","--","18.03","432","--","0",
="00683L","期元大美元指正2","0","0","0","--","16.28","4,100","--","0",
="00684R","期元大美元指反1","0","0","0","--","--","0","--","0",
="00685L","群益臺灣加權正2","0","0","0","--","35.00","1,099","--","0",
="00686R","群益臺灣加權反1","0","0","0","--","4.25","759","--","0",
="00688L","國泰20年美債正2","0","0","0","--","21.01","4,100","--","0",
="00689R","國泰20年美債反1","0","0","0","--","14.90","4,100","--","0",
="00690","兆豐藍籌30","0","0","0","--","30.60","1,262","30.91","1,251",
="00692","富邦公司治理","1,734","17","57,510","33.17","33.17","27,011","33.20","1,214",
="00693U","期街口S&P黃豆","0","0","0","--","24.23","1,084","25.17","268",
="00700","富邦恒生國企","0","0","0","--","18.25","430","18.34","886",
="00701","國泰股利精選30","671","3","15,693","23.39","23.39","2,284","23.80","818",
="00702","國泰標普低波高息","0","0","0","--","20.79","1,240","20.88","752",
="00703","台新MSCI中國","0","0","0","--","22.84","100","23.41","38",
="00706L","期元大S&P日圓正2","0","0","0","--","16.06","466","16.16","634",
="00707R","期元大S&P日圓反1","0","0","0","--","--","0","--","0",
="00708L","期元大S&P黃金正2","0","0","0","--","27.32","998","29.30","130",
="00709","富邦歐洲","0","0","0","--","23.22","949","23.35","776",
="00710B","FH彭博高收益債","0","0","0","--","18.31","1,298","18.46","4,158",
="00711B","FH彭博新興債","0","0","0","--","19.43","298","19.87","4,370",
="00712","FH富時不動產","2,153","14","29,986","13.93","13.89","10,463","13.93","17,927",
="00713","元大台灣高息低波","430","7","17,396","40.46","40.46","522","40.85","1,790",
="00714","群益道瓊美國地產","0","0","0","--","20.62","196","--","0",
="00715L","期街口布蘭特正2","300","1","2,157","7.19","7.13","1,100","7.19","1,200",
="00717","富邦美國特別股","2,047","7","33,854","16.54","16.53","10,688","16.54","9,976",
="00728","第一金工業30","2,000","16","52,891","26.45","26.45","1,996","26.72","562",
="00730","富邦臺灣優質高息","3,039","22","61,989","20.40","20.40","2,379","20.54","660",
="00731","FH富時高息低波","242","3","13,466","55.65","55.65","10,240","55.75","11,568",
="00732","國泰RMB短期報酬","0","0","0","--","39.44","923","39.67","326",
="00733","富邦臺灣中小","98","2","3,685","37.61","37.61","2,237","37.80","1,676",
="00735","國泰臺韓科技","0","0","0","--","31.57","958","31.80","192",
="00736","國泰新興市場","73","1","1,648","22.58","22.42","1,100","22.58","427",
="00737","國泰AI+Robo","145","1","4,393","30.30","30.30","2,087","30.58","723",
="00738U","期元大道瓊白銀","52","1","1,450","27.90","27.90","345","31.00","160",
="00739","元大MSCI A股","241","4","6,690","27.77","27.66","846","27.77","890",
="00742","新光內需收益","0","0","0","--","21.76","509","21.80","630",
="00743","國泰中國A150","0","0","0","--","29.05","1,348","29.35","1,022",
="00752","中信中國50","500","6","13,762","27.53","27.53","16,852","27.54","10,754",
="00753L","中信中國50正2","0","0","0","--","33.36","207","33.69","591",
="00757","統一FANG+","861","7","37,244","43.26","43.25","12,542","43.26","19,509",
="00762","元大全球AI","150","1","5,250","35.00","35.00","1,608","35.18","1,119",
="00763U","期街口道瓊銅","0","0","0","--","30.50","600","--","0",
="00770","國泰北美科技","0","0","0","--","33.12","969","34.60","88",
="00771","元大US高息特別股","0","0","0","--","18.96","10,190","19.02","11,067",
="00774B","新光中國政金綠債","0","0","0","--","38.00","100","38.96","510",
="00774C","新光中政金綠債+R","0","0","0","--","--","0","--","0",
="00775B","新光投等債15+","0","0","0","--","39.50","100","40.50","465",
="00783","富邦中証500","200","3","4,401","22.01","22.01","2,086","22.08","3,786",
="008201","BP上證50","0","0","0","--","124.00","99","--","0",
="00830","國泰費城半導體","205","4","5,285","25.79","25.79","704","26.00","375",
="00850","元大臺灣ESG永續","5,564","74","178,296","32.05","32.04","17,914","32.05","2,501",
="00851","台新全球AI","0","0","0","--","28.35","200","--","0",
="00852L","國泰美國道瓊正2","0","0","0","--","20.24","1,100","20.57","763",
="00861","元大全球未來通訊","1,118","12","30,864","27.61","27.61","3,374","27.63","10",
="00865B","國泰US短期公債","0","0","0","--","36.27","214","36.52","2,289",
="00875","國泰網路資安","0","0","0","--","29.90","2,039","30.04","522",
="00876","元大未來關鍵科技","966","6","26,082","27.00","27.00","3,463","28.00","592",
="00878","國泰永續高股息","9,139","61","165,212","18.08","18.08","67,235","18.10","3,237",
="00881","國泰台灣5G+","18,223","132","299,354","16.43","16.43","111,129","16.45","2,318",
="00882","中信中國高股息","11,360","61","180,610","15.90","15.89","11,758","15.90","9,444",
="00885","富邦越南","2,607","17","39,802","15.27","15.27","15,002","15.30","305",
="01001T","土銀富邦R1","0","0","0","--","18.16","1,252","18.35","1,644",
="01002T","土銀國泰R1","50","1","940","18.80","18.80","1,355","18.98","638",
="01003T","兆豐新光R1","0","0","0","--","18.50","1,198","18.90","1,433",
="01004T","土銀富邦R2","0","0","0","--","16.72","2,197","17.05","1,398",
="01007T","兆豐國泰R2","0","0","0","--","20.12","2,197","20.45","939",
="01009T","王道圓滿R1","0","0","0","--","8.82","999","9.29","950",
="01010T","京城樂富R1","92","1","998","10.85","10.40","1,247","10.85","2,697",
"1101","台泥","17,971","172","891,310","49.60","49.60","43,133","49.65","6,339",
"1101B","台泥乙特","0","0","0","--","53.30","5,844","53.60","2,266",
"1102","亞泥","5,403","52","264,747","49.00","49.00","6,181","49.05","1,543",
"1103","嘉泥","2,887","21","61,775","21.40","21.40","3,474","21.45","760",
"1104","環泥","1,123","18","25,150","22.40","22.35","2,171","22.40","694",
"1108","幸福","210","3","2,960","14.10","14.10","3,196","14.25","82",
"1109","信大","310","5","7,904","25.50","25.50","3,454","25.55","478",
"1110","東泥","102","3","1,610","15.80","15.80","1,500","16.05","1,311",
"1201","味全","5","5","105","21.55","21.55","5,963","22.60","747",
"1203","味王","1,314","11","45,331","34.50","34.50","3,239","34.80","1,961",
"1210","大成","5,289","61","298,280","56.40","56.40","14,258","56.50","1,963",
"1213","大飲","200","2","1,643","8.22","8.22","200","8.47","1,121",
"1215","卜蜂","373","18","29,385","78.80","78.80","10,947","79.00","304",
"1216","統一","5,316","44","392,308","73.80","73.60","6,554","73.80","13,232",
"1217","愛之味","7,925","60","92,701","11.70","11.70","15,954","11.75","1,780",
"1218","泰山","1,170","12","35,100","30.00","30.00","6,177","30.35","612",
"1219","福壽","397","9","9,131","23.00","23.00","6,294","23.10","689",
"1220","台榮","734","6","11,411","15.55","15.50","3,598","15.55","544",
"1225","福懋油","392","6","16,972","43.30","43.30","6,596","43.45","1",
"1227","佳格","3,162","28","167,892","53.10","53.00","8,606","53.10","3,022",
"1229","聯華","6,461","65","302,351","46.80","46.75","8,645","46.80","1,081",
"1231","聯華食","818","18","49,153","60.10","60.10","8,055","60.20","1,859",
"1232","大統益","1,591","48","265,697","167.00","167.00","2,222","168.50","1,327",
"1233","天仁","2","2","68","34.50","34.50","502","35.20","1,454",
"1234","黑松","1,117","8","38,758","34.70","34.70","3,359","36.30","70",
"1235","興泰","31","2","936","30.20","30.20","968","30.35","3,156",
"1236","宏亞","150","6","2,279","15.20","15.20","3,046","15.25","2,024",
"1256","鮮活果汁-KY","1,682","84","717,346","426.50","426.00","5,511","426.50","1,257",
"1301","台塑","8,259","73","788,723","95.50","95.50","9,755","95.60","2,592",
"1303","南亞","4,420","57","355,351","80.40","80.30","6,392","80.40","2,530",
"1304","台聚","5,529","46","171,937","31.10","31.05","6,396","31.10","5,758",
"1305","華夏","2,872","21","91,464","31.85","31.85","9,328","32.00","1,301",
"1307","三芳","1","1","20","20.30","20.30","2,255","20.35","1,139",
"1308","亞聚","4,176","28","108,984","26.10","26.05","11,754","26.10","3,252",
"1309","台達化","3,314","32","127,585","38.50","38.50","7,064","38.90","22",
"1310","台苯","1,951","15","36,184","18.55","18.45","4,613","18.55","499",
"1312","國喬","2,075","22","55,395","26.70","26.70","8,299","26.90","669",
"1312A","國喬特","0","0","0","--","35.00","999","35.75","999",
"1313","聯成","3,406","17","77,990","22.90","22.90","2,287","22.95","3,634",
"1314","中石化","11,596","70","147,821","12.75","12.75","31,167","13.00","10",
"1315","達新","500","5","35,448","70.90","70.90","4,939","71.80","656",
"1316","上曜","204","5","2,264","11.10","11.10","2,159","11.15","2,341",
"1319","東陽","1,334","13","43,550","32.65","32.50","2,399","32.65","19,487",
"1321","大洋","153","5","5,261","34.40","34.20","2,204","34.40","1,060",
"1323","永裕","434","8","13,755","31.70","31.70","1,986","32.25","699",
"1324","地球","1","1","11","11.25","11.25","1,801","--","0",
"1325","恆大","2,709","36","304,754","112.50","112.50","144,135","114.50","1,105",
"1326","台化","2,398","23","199,267","83.10","83.00","17,833","83.10","1,024",
"1337","再生-KY","1,230","13","8,779","7.14","7.14","4,166","7.15","4,347",
"1338","廣華-KY","200","2","12,259","61.30","61.20","4,210","61.30","183",
"1339","昭輝","82","2","3,189","38.90","38.50","1,675","38.90","293",
"1340","勝悅-KY","1,322","11","13,549","10.25","10.25","5,983","10.35","300",
"1341","富林-KY","9","9","693","77.70","77.70","1,042","78.20","555",
"1342","八貫","1","1","50","50.40","50.00","310","50.40","196",
"1402","遠東新","937","14","28,762","30.70","30.60","6,180","30.70","2,394",
"1409","新纖","5,479","40","104,101","19.00","19.00","3,665","19.10","5,154",
"1410","南染","2","1","69","34.55","34.45","2,918","34.55","2,709",
"1413","宏洲","289","4","3,033","10.50","10.50","915","10.60","555",
"1414","東和","245","8","4,188","17.10","17.05","2,867","17.10","1,465",
"1416","廣豐","795","7","8,544","10.75","10.70","5,593","10.75","1,310",
"1417","嘉裕","1,496","9","20,714","13.85","13.85","2,112","13.90","2,082",
"1418","東華","0","0","0","--","11.75","600","11.80","740",
"1419","新紡","4","1","156","39.00","38.95","1,605","39.00","1,012",
"1423","利華","550","5","11,354","20.65","20.60","3,412","20.65","1,386",
"1432","大魯閣","2,286","16","29,941","13.10","13.10","2,523","13.20","622",
"1434","福懋","1,105","12","33,423","30.25","30.25","6,021","31.70","1,573",
"1435","中福","1,052","6","16,305","15.50","15.50","924","15.55","2,246",
"1436","華友聯","463","1","17,918","38.70","38.70","2,237","39.00","3,676",
"1437","勤益控","500","2","12,249","24.50","24.50","1,806","24.60","1,286",
"1438","三地開發","0","0","0","--","27.25","6,498","28.00","709",
"1439","中和","2","1","45","22.60","22.50","623","22.60","1,627",
"1440","南紡","6,208","51","152,388","24.55","--","0","24.55","15,630",
"1441","大東","507","7","5,246","10.35","--","0","10.35","5,302",
"1442","名軒","0","0","0","--","16.95","4,507","17.05","656",
"1443","立益","34","3","390","11.50","11.50","1,390","11.70","1,743",
"1444","力麗","3,974","27","44,900","11.30","11.30","9,093","11.35","2,466",
"1445","大宇","540","5","5,940","11.00","11.00","1,830","11.10","991",
"1446","宏和","0","0","0","--","27.70","1,757","27.90","1,694",
"1447","力鵬","2,351","16","25,974","11.05","11.05","6,731","11.10","2,130",
"1449","佳和","692","12","10,478","15.15","15.15","813","15.20","1,492",
"1451","年興","2,025","20","38,268","18.90","18.80","2,604","18.90","906",
"1452","宏益","559","8","11,904","21.30","21.30","2,968","21.50","188",
"1453","大將","845","15","7,271","8.61","8.61","2,272","8.69","438",
"1454","台富","725","5","6,742","9.30","9.30","615","9.32","1,194",
"1455","集盛","11,217","64","236,094","21.05","21.05","8,273","--","0",
"1456","怡華","199","2","3,203","16.10","16.05","1,502","16.10","89",
"1457","宜進","569","10","9,071","15.95","15.90","2,449","15.95","1,062",
"1459","聯發","1,074","12","14,441","13.45","--","0","13.45","51,317",
"1460","宏遠","964","13","10,020","10.40","10.40","2,751","10.50","1,595",
"1463","強盛","80","2","1,031","12.90","12.90","1,606","13.05","1,063",
"1464","得力","1,919","32","33,283","17.35","17.35","9,987","17.50","716",
"1465","偉全","1","1","13","13.00","13.00","3,157","--","0",
"1466","聚隆","461","14","6,475","14.05","14.05","2,805","14.15","1,568",
"1467","南緯","296","7","5,133","17.35","17.35","3,601","--","0",
"1468","昶和","1","1","12","12.25","12.25","1,858","12.45","1,819",
"1470","大統新創","2","1","33","16.75","16.75","558","16.90","583",
"1471","首利","769","5","7,019","9.13","9.13","5,271","9.20","3,270",
"1472","三洋紡","21","2","221","10.55","10.55","460","10.60","1,157",
"1473","台南","996","9","17,477","17.55","17.55","6,071","17.80","60",
"1474","弘裕","653","6","9,075","13.90","13.90","2,925","13.95","2,102",
"1475","業旺","1","1","32","32.15","--","0","32.15","1,517",
"1476","儒鴻","189","11","110,565","585.00","584.00","1,944","585.00","731",
"1477","聚陽","1,459","22","363,291","249.00","249.00","2,764","249.50","2,281",
"1503","士電","768","5","37,054","48.25","48.25","6,392","48.30","2,390",
"1504","東元","1,137","9","35,586","31.30","31.30","8,179","31.35","1,229",
"1506","正道","1","1","9","9.90","9.90","2,598","9.95","418",
"1507","永大","2,375","9","143,922","60.60","60.60","1,002,101","60.80","5,236",
"1512","瑞利","3","3","12","4.50","4.50","2,306","--","0",
"1513","中興電","2,677","20","128,353","47.95","47.90","9,669","47.95","829",
"1514","亞力","615","7","13,959","22.70","22.65","2,417","22.70","1,081",
"1515","力山","946","12","66,312","70.10","70.00","3,738","70.10","806",
"1516","川飛","46","2","993","21.60","21.60","2,713","21.70","1,401",
"1517","利奇","973","5","22,864","23.50","23.50","5,391","23.60","165",
"1519","華城","500","5","21,000","42.00","42.00","4,905","--","0",
"1521","大億","100","2","4,649","46.50","46.50","1,760","47.00","103",
"1522","堤維西","500","2","10,275","20.55","20.55","6,538","21.75","273",
"1524","耿鼎","668","8","6,344","9.50","9.50","5,696","9.55","1,019",
"1525","江申","247","1","15,314","62.00","62.00","2,303","68.30","83",
"1526","日馳","741","6","32,454","43.80","43.80","3,917","43.90","744",
"1527","鑽全","1","1","43","43.70","43.60","2,285","43.85","24",
"1528","恩德","5","3","46","9.34","9.31","2,793","9.34","435",
"1529","樂士","429","3","7,078","16.50","16.50","2,172","16.65","461",
"1530","亞崴","169","2","5,796","34.30","34.30","1,933","34.55","1,397",
"1531","高林股","368","10","5,202","14.15","14.10","2,593","14.15","970",
"1532","勤美","288","3","9,416","32.70","32.70","3,394","32.90","2,273",
"1533","車王電","12","2","603","50.30","50.10","3,968","50.30","1,193",
"1535","中宇","4","2","148","37.05","36.80","2,548","37.05","936",
"1536","和大","817","13","71,896","88.00","88.00","13,242","96.00","999",
"1537","廣隆","180","5","26,189","145.50","145.50","3,111","150.00","93",
"1538","正峰","2,431","13","31,603","13.00","13.00","424","13.20","1,544",
"1539","巨庭","0","0","0","--","17.40","1,827","17.50","1,565",
"1540","喬福","3","2","46","15.85","15.70","1,635","15.85","544",
"1541","錩泰","0","0","0","--","47.75","3,429","48.40","1,559",
"1558","伸興","73","10","12,004","164.50","164.00","2,909","164.50","156",
"1560","中砂","103","4","6,353","61.70","61.50","5,301","61.70","960",
"1568","倉佑","364","5","9,135","25.10","25.10","2,811","27.00","10",
"1582","信錦","0","0","0","--","81.20","5,987","81.60","1,045",
"1583","程泰","0","0","0","--","61.20","1,002","61.80","2,499",
"1587","吉茂","0","0","0","--","26.70","1,224","26.80","1",
"1589","永冠-KY","84","3","6,391","76.10","76.10","3,884","76.50","695",
"1590","亞德客-KY","722","11","722,000","1,000.00","1,000.00","2,024","1,010.00","485",
"1592","英瑞-KY","340","21","1,081","3.20","2.99","1,000","3.20","2,317",
"1597","直得","928","13","84,909","91.50","91.50","3,115","91.60","985",
"1598","岱宇","735","5","70,486","95.90","95.90","4,479","--","0",
"1603","華電","5","2","143","28.95","28.95","1,502","29.20","1,096",
"1604","聲寶","1,205","11","34,098","28.30","28.30","9,267","28.35","2,810",
"1605","華新","8,518","65","196,322","23.05","23.05","13,449","23.15","3,066",
"1608","華榮","3,807","32","89,838","23.60","23.50","2,539","23.60","3,254",
"1609","大亞","9,798","71","240,516","24.55","24.50","4,948","24.55","7,761",
"1611","中電","107","6","1,136","10.65","10.65","6,109","10.80","997",
"1612","宏泰","1,103","10","24,980","22.65","22.65","3,050","22.75","1,182",
"1614","三洋電","0","0","0","--","33.00","1,800","33.15","4",
"1615","大山","501","7","17,283","34.50","34.50","3,291","34.65","1,206",
"1616","億泰","601","10","4,731","7.88","7.88","2,222","7.95","166",
"1617","榮星","331","9","5,641","17.05","16.90","1,560","17.05","190",
"1618","合機","927","19","14,178","15.30","15.30","2,430","15.35","3,600",
"1626","艾美特-KY","679","3","17,110","25.20","25.20","1,388","25.35","2,398",
"1701","中化","771","11","17,574","22.80","22.80","4,854","22.90","2,606",
"1702","南僑","1,470","15","75,554","51.40","51.40","5,099","51.90","85",
"1707","葡萄王","900","11","162,000","180.00","171.00","4,102","180.00","724",
"1708","東鹼","1,375","13","35,536","25.85","25.85","8,157","25.90","1,135",
"1709","和益","891","7","14,968","16.80","16.80","2,158","16.85","2,410",
"1710","東聯","2,433","18","49,385","20.30","20.25","1,940","20.30","697",
"1711","永光","966","11","16,368","16.95","16.90","6,838","16.95","667",
"1712","興農","55","8","1,184","21.60","21.60","6,399","21.70","873",
"1713","國化","2","2","42","21.55","21.55","1,936","21.60","365",
"1714","和桐","3,694","28","40,996","11.10","11.10","10,513","11.15","4,447",
"1717","長興","437","10","15,510","35.50","35.50","8,718","35.65","1,019",
"1718","中纖","3,995","31","38,217","9.57","9.57","13,870","9.60","1,097",
"1720","生達","630","6","25,040","39.75","39.75","4,019","39.80","4",
"1721","三晃","1,515","12","15,906","10.50","10.50","4,471","11.00","187",
"1722","台肥","400","4","22,918","57.30","56.90","4,482","57.30","2,593",
"1723","中碳","300","6","31,800","106.00","106.00","2,079","106.50","3",
"1724","台硝","472","4","7,457","15.80","15.80","20,219","16.00","236",
"1725","元禎","254","5","4,673","18.40","18.35","1,500","18.40","1,166",
"1726","永記","505","4","36,712","72.70","72.40","2,490","72.70","1,155",
"1727","中華化","995","8","12,038","12.10","12.10","350","12.15","1,565",
"1730","花仙子","500","8","37,098","74.20","74.20","4,620","--","0",
"1731","美吾華","2,005","18","42,600","21.25","21.25","3,250","21.30","352",
"1732","毛寶","718","7","29,616","41.25","41.25","1,418,035","--","0",
"1733","五鼎","500","2","12,500","25.00","25.00","2,994","25.15","401",
"1734","杏輝","1,343","8","42,976","32.00","32.00","8,946","32.10","1,345",
"1735","日勝化","7","2","122","17.60","17.60","503","17.70","1,825",
"1736","喬山","400","5","29,760","74.40","74.40","3,285","74.90","45",
"1737","臺鹽","1,561","15","49,952","32.00","31.95","4,617","32.00","3,574",
"1760","寶齡富錦","2,738","26","258,735","94.50","94.00","5,225","94.50","386",
"1762","中化生","1,388","11","82,166","59.20","59.00","2,649","59.20","1,313",
"1773","勝一","510","4","56,354","110.50","110.00","3,210","110.50","1,492",
"1776","展宇","0","0","0","--","17.30","2,760","17.40","1,344",
"1783","和康生","17","2","527","31.00","30.65","1,596","31.00","228",
"1786","科妍","258","13","13,074","50.70","50.70","4,616","50.80","1,081",
"1789","神隆","833","11","21,488","25.80","25.80","2,969","25.90","1,538",
"1795","美時","165","4","12,391","75.10","75.10","1,263,770","--","0",
"1802","台玻","16,143","119","463,265","28.70","--","0","28.70","1,933",
"1805","寶徠","904","6","10,980","12.15","11.90","1,099","12.15","689",
"1806","冠軍","1,537","8","16,674","10.85","10.80","1,555","10.85","693",
"1808","潤隆","400","3","20,600","51.50","51.50","1,848","51.60","2,326",
"1809","中釉","748","9","9,682","12.95","12.90","3,277","12.95","2,292",
"1810","和成","106","4","1,144","10.80","10.80","3,452","--","0",
"1817","凱撒衛","0","0","0","--","35.70","2,307","35.90","539",
"1903","士紙","319","9","16,074","50.40","50.40","2,091","50.80","346",
"1904","正隆","5,273","73","207,208","39.30","39.25","7,380","39.30","2,492",
"1905","華紙","11,146","83","222,330","19.95","19.90","10,222","19.95","2,790",
"1906","寶隆","880","9","15,882","18.05","18.05","2,093","18.10","2,329",
"1907","永豐餘","4,206","40","133,101","31.65","31.60","7,540","31.65","2,282",
"1909","榮成","1,552","16","34,144","22.00","22.00","9,566","22.15","511",
"2002","中鋼","96,423","659","3,360,067","34.85","34.85","102,186","34.90","20,759",
"2002A","中鋼特","0","0","0","--","51.80","633","52.50","1,368",
"2006","東和鋼鐵","5,671","56","266,537","47.00","46.90","3,485","47.00","4,549",
"2007","燁興","2,819","17","39,038","13.85","--","0","13.85","3,387",
"2008","高興昌","478","4","7,288","15.25","15.25","1,211","15.50","2,164",
"2009","第一銅","5,495","62","283,530","51.60","51.50","6,788","51.60","1,038",
"2010","春源","2,289","13","44,287","19.35","19.35","6,623","19.40","1,542",
"2012","春雨","17","3","400","23.60","23.60","2,009","23.65","4,220",
"2013","中鋼構","661","6","26,173","39.60","39.45","7,348","39.60","358",
"2014","中鴻","13,125","110","542,682","41.35","--","0","41.35","53,349",
"2015","豐興","800","6","57,998","72.50","72.40","3,027","72.50","1,604",
"2017","官田鋼","4,496","25","80,694","17.95","17.90","2,949","17.95","3,912",
"2020","美亞","2,727","25","80,441","29.50","29.50","4,992","29.60","1,232",
"2022","聚亨","6,329","37","83,214","13.15","--","0","13.15","3,496",
"2023","燁輝","11,096","67","224,122","20.20","--","0","20.20","14,608",
"2024","志聯","23","3","347","15.10","15.00","500","15.10","1,087",
"2025","千興","502","2","1,581","3.15","3.15","7,842","--","0",
"2027","大成鋼","10,715","87","401,249","37.45","37.45","20,316","37.50","1,931",
"2028","威致","2,652","29","78,087","29.45","--","0","29.45","2,802",
"2029","盛餘","793","9","25,889","32.65","32.65","3,499","32.85","3,262",
"2030","彰源","1,638","12","28,662","17.50","17.50","3,829","17.55","960",
"2031","新光鋼","4,263","41","241,272","56.60","56.60","2,624","56.70","359",
"2032","新鋼","1,281","9","21,838","17.05","17.05","4,660","17.10","555",
"2033","佳大","208","5","3,191","15.35","15.35","56","15.50","674",
"2034","允強","4,088","30","119,565","29.25","29.25","3,767","29.50","219",
"2038","海光","2,732","18","71,847","26.30","--","0","26.30","2,452",
"2049","上銀","1,371","33","456,543","333.00","333.00","7,178","333.50","1,274",
"2059","川湖","78","4","29,288","375.50","374.00","2,723","375.50","1,919",
"2062","橋椿","0","0","0","--","27.00","2,122","27.20","985",
"2069","運錩","200","3","4,178","20.90","20.70","1,118","20.90","645",
"2101","南港","1,161","13","43,184","37.20","37.10","5,166","37.20","2,154",
"2102","泰豐","4,894","23","119,159","24.35","24.35","5,721","24.50","2,388",
"2103","台橡","3,775","33","110,028","29.15","29.05","5,724","29.15","779",
"2104","國際中橡","3,676","27","87,661","23.85","23.85","9,156","24.05","1,522",
"2105","正新","1,978","21","87,817","44.40","44.40","5,921","44.70","858",
"2106","建大","3,009","22","120,958","40.20","40.00","3,983","40.20","1,470",
"2107","厚生","1,741","14","41,083","23.60","23.60","6,212","23.70","3,086",
"2108","南帝","8,411","101","1,076,608","128.00","128.00","4,308","128.50","3,003",
"2109","華豐","1,454","7","26,241","18.05","17.90","4,010","18.05","1,880",
"2114","鑫永銓","284","2","33,512","118.00","117.00","1,622","118.00","420",
"2115","六暉-KY","39","1","1,753","44.95","44.90","2,574","44.95","1,584",
"2201","裕隆","4,319","34","168,441","39.00","39.00","7,756","39.55","1,386",
"2204","中華","1,836","24","123,557","67.30","67.30","11,653","67.50","1,549",
"2206","三陽工業","876","10","24,528","28.00","28.00","4,669","28.15","1,000",
"2207","和泰車","208","9","112,320","540.00","540.00","4,426","544.00","609",
"2208","台船","3,647","25","73,477","20.15","20.15","13,338","20.35","218",
"2211","長榮鋼","1,738","18","88,287","50.80","50.70","4,115","50.80","2,289",
"2227","裕日車","188","5","49,444","263.00","262.00","2,532","263.00","1,052",
"2228","劍麟","0","0","0","--","71.80","2,025","73.00","1,379",
"2231","為升","282","4","53,580","190.00","190.00","3,909","190.50","418",
"2233","宇隆","467","6","47,634","102.00","102.00","2,266","102.50","2,558",
"2236","百達-KY","0","0","0","--","24.40","999","24.50","1,621",
"2239","英利-KY","0","0","0","--","86.20","1,719","87.10","332",
"2241","艾姆勒","3","1","162","54.00","54.00","1,118","56.90","1,998",
"2243","宏旭-KY","0","0","0","--","10.05","1,099","10.20","60",
"2247","汎德永業","60","3","13,800","230.00","227.00","1,854","230.00","655",
"2301","光寶科","4,251","32","261,850","61.60","61.60","8,127","61.70","5,582",
"2302","麗正","78","3","1,297","16.65","16.65","2,857","16.75","808",
"2303","聯電","34,819","269","1,636,493","47.00","47.00","108,306","47.10","15,043",
"2305","全友","1,067","3","8,758","8.21","8.16","2,505","8.21","1,635",
"2308","台達電","2,658","56","713,665","268.50","268.50","19,118","269.50","4,177",
"2312","金寶","2,218","22","29,822","13.45","13.40","11,582","13.45","1,560",
"2313","華通","570","13","19,888","34.90","34.90","10,088","35.05","2",
"2314","台揚","623","6","18,690","30.00","30.00","5,774","30.30","489",
"2316","楠梓電","1,554","15","42,030","27.05","27.05","8,189","27.25","541",
"2317","鴻海","80,851","558","8,489,355","105.00","105.00","137,304","105.50","18,768",
"2321","東訊","1,287","7","9,137","7.10","7.10","6,189","7.19","950",
"2323","中環","7,203","36","71,581","9.94","9.94","5,193","10.00","2,603",
"2324","仁寶","4,364","39","99,489","22.80","22.80","19,931","22.85","3,571",
"2327","國巨","7,875","128","3,488,625","443.00","443.00","16,121","444.00","1,346",
"2328","廣宇","2,545","19","92,503","36.35","36.35","4,775","36.40","2,771",
"2329","華泰","1,573","17","23,508","14.95","14.95","3,147","15.00","1,661",
"2330","台積電","116,726","2,562","65,016,382","557.00","557.00","148,032","558.00","20,439",
"2331","精英","4,112","19","94,576","23.00","22.95","3,242","23.00","4,459",
"2332","友訊","1,120","9","20,493","18.30","18.30","3,557","18.35","2,063",
"2337","旺宏","8,972","73","346,296","38.60","38.60","29,109","38.65","2,312",
"2338","光罩","1,821","33","122,911","67.50","67.50","8,725","68.00","2,983",
"2340","光磊","1,481","10","35,544","24.00","24.00","10,416","24.15","1,043",
"2342","茂矽","1,923","24","56,142","29.20","29.20","9,263","29.45","1,015",
"2344","華邦電","2,727","34","78,388","28.75","28.75","26,655","28.85","2,867",
"2345","智邦","1,757","25","473,504","269.50","269.50","4,211","271.00","1,149",
"2347","聯強","4,782","28","269,221","56.30","56.20","9,897","56.30","5,718",
"2348","海悅","474","7","45,504","96.00","96.00","5,232","96.10","84",
"2349","錸德","4,544","32","42,703","9.40","9.40","13,404","9.60","3,445",
"2351","順德","1,645","13","135,216","82.20","82.20","3,954","83.00","20",
"2352","佳世達","4,678","37","135,883","29.05","29.05","7,312","29.20","2,565",
"2353","宏碁","7,935","59","234,462","29.55","29.50","32,115","29.55","2,983",
"2354","鴻準","3,019","37","184,159","61.00","61.00","15,091","61.20","1,094",
"2355","敬鵬","2,737","15","72,935","26.65","26.60","3,743","26.65","262",
"2356","英業達","3,709","33","92,897","25.05","25.00","15,364","25.05","1,488",
"2357","華碩","7,809","87","2,967,420","380.00","379.50","5,878","380.00","10,733",
"2358","廷鑫","1,014","13","14,038","13.85","13.85","2,418","14.00","1,083",
"2359","所羅門","6","2","97","16.35","16.30","1,835","16.35","2,637",
"2360","致茂","3,023","25","581,924","192.50","189.50","3,114","192.50","22",
"2362","藍天","232","7","6,588","28.40","28.40","2,854","28.50","1,636",
"2363","矽統","7,296","45","136,419","18.70","18.70","11,917","18.85","1,779",
"2364","倫飛","1,549","9","4,939","3.19","3.19","20,751","3.35","2,480",
"2365","昆盈","1,075","9","12,681","11.80","11.80","4,020","11.85","158",
"2367","燿華","1,044","18","20,924","20.05","20.05","7,113","20.10","621",
"2368","金像電","1,516","14","69,736","46.00","46.00","11,974","46.10","89",
"2369","菱生","1,006","10","15,138","15.05","15.05","3,691","15.10","849",
"2371","大同","3,628","26","81,439","22.45","22.45","5,235","22.50","2,140",
"2373","震旦行","239","4","21,413","89.60","89.60","3,048","90.10","2,527",
"2374","佳能","1,756","18","26,340","15.00","14.90","1,551","15.00","2,917",
"2375","凱美","2,437","23","229,078","94.00","94.00","7,156","96.00","1,734",
"2376","技嘉","5,220","48","522,000","100.00","100.00","6,381","100.50","1,729",
"2377","微星","1,289","16","220,419","171.00","171.00","6,380","171.50","1,858",
"2379","瑞昱","881","31","399,974","454.00","453.00","5,199","454.00","2,405",
"2380","虹光","6,128","29","77,510","12.65","12.65","45,013","--","0",
"2382","廣達","4,351","43","393,319","90.40","90.40","11,830","90.80","2,152",
"2383","台光電","440","12","69,080","157.00","156.50","1,883","157.00","2,458",
"2385","群光","610","12","48,675","79.80","79.70","10,426","79.80","4,216",
"2387","精元","833","11","43,316","52.00","51.90","3,199","52.00","1,548",
"2388","威盛","1,200","9","53,397","44.50","44.45","4,136","44.50","660",
"2390","云辰","5,178","30","108,738","21.00","21.00","13,697","21.05","34,999",
"2392","正崴","2,667","21","104,013","39.00","39.00","5,338","39.10","175",
"2393","億光","700","12","28,870","41.25","41.15","3,448","41.25","599",
"2395","研華","84","8","27,257","324.50","324.50","4,181","325.00","1,505",
"2397","友通","60","2","3,600","60.00","60.00","2,096","--","0",
"2399","映泰","602","13","13,089","21.75","21.70","3,101","21.75","2,966",
"2401","凌陽","3,802","36","98,647","25.95","25.95","4,178","26.00","702",
"2402","毅嘉","1,876","20","29,447","15.70","15.70","1,967","17.00","904",
"2404","漢唐","2,196","43","490,800","223.50","223.50","5,593","225.00","2,120",
"2405","浩鑫","302","8","3,667","12.15","12.10","3,722","12.15","662",
"2406","國碩","3,203","28","55,883","17.45","17.45","4,985","--","0",
"2408","南亞科","2,568","31","188,744","73.50","73.50","15,299","73.80","1,052",
"2409","友達","17,845","135","390,765","21.90","21.85","36,881","21.90","4,244",
"2412","中華電","6,408","77","724,104","113.00","112.50","54,260","113.00","31,601",
"2413","環科","4","1","81","20.40","20.30","2,443","20.40","489",
"2414","精技","0","0","0","--","27.65","4,435","27.80","412",
"2415","錩新","318","3","10,335","32.50","32.50","1,629","32.55","1,282",
"2417","圓剛","1,794","16","83,145","46.35","46.35","12,886","--","0",
"2419","仲琦","1,184","5","23,323","19.70","19.70","3,320","19.75","1,544",
"2420","新巨","16","5","576","36.00","36.00","3,841","36.30","964",
"2421","建準","795","11","36,289","45.65","45.65","5,069","--","0",
"2423","固緯","0","0","0","--","23.45","2,553","23.50","1,847",
"2424","隴華","387","3","9,209","23.80","23.80","2,731","23.90","1,227",
"2425","承啟","0","0","0","--","30.30","3,310","30.40","585",
"2426","鼎元","941","7","20,794","22.10","22.05","4,496","22.10","641",
"2427","三商電","118","5","1,308","11.10","11.00","2,942","11.10","1,811",
"2428","興勤","828","8","136,620","165.00","154.00","1,838","165.00","979",
"2429","銘旺科","5","1","81","16.30","16.30","495","16.70","1,142",
"2430","燦坤","1,388","12","41,356","29.80","29.80","7,769","--","0",
"2431","聯昌","945","6","11,289","11.95","11.90","2,920","11.95","744",
"2433","互盛電","68","3","3,536","52.00","52.00","3,830","54.20","152",
"2434","統懋","1,297","8","50,451","38.90","38.90","654","39.10","2,541",
"2436","偉詮電","1,873","30","105,252","56.20","56.10","5,697","56.20","939",
"2438","翔耀","443","2","4,873","11.00","11.00","2,245","11.15","272",
"2439","美律","245","8","25,480","104.00","103.50","5,857","104.00","1,024",
"2440","太空梭","2","1","33","16.80","16.80","1,569","16.95","1,282",
"2441","超豐","591","11","38,351","64.90","64.90","5,045","65.00","1,291",
"2442","新美齊","101","2","1,014","10.05","10.00","3,420","10.05","507",
"2443","億麗","203","5","537","2.66","2.66","1,197","2.90","1,998",
"2444","兆勁","579","5","7,236","12.50","12.50","2,863","--","0",
"2449","京元電子","3,787","26","160,371","42.35","42.35","9,634","42.65","1,103",
"2450","神腦","400","3","12,519","31.30","31.30","2,867","32.70","573",
"2451","創見","826","11","57,820","70.00","69.60","2,038","70.00","78",
"2453","凌群","100","2","2,414","24.15","24.15","1,487","24.30","677",
"2454","聯發科","7,221","221","6,491,679","899.00","899.00","19,971","900.00","6,808",
"2455","全新","478","10","45,740","95.70","95.70","4,704","96.90","126",
"2456","奇力新","1,603","15","147,476","92.00","92.00","8,045","92.20","1,087",
"2457","飛宏","2,541","27","71,650","28.20","28.20","2,837","28.30","1,317",
"2458","義隆","1,939","36","372,288","192.00","192.00","2,898","192.50","3,096",
"2459","敦吉","1","1","53","53.00","53.00","3,297","53.20","1",
"2460","建通","557","16","16,033","28.80","28.75","2,275","28.80","964",
"2461","光群雷","300","4","5,863","19.55","19.50","5,787","19.55","3,972",
"2462","良得電","12","4","324","27.00","26.90","2,582","27.00","3,088",
"2464","盟立","52","2","2,167","41.70","41.70","5,021","41.95","11",
"2465","麗臺","1,317","17","55,314","42.00","42.00","2,628","42.10","1,114",
"2466","冠西電","317","1","10,128","31.95","31.95","2,181","32.40","1,022",
"2467","志聖","1,119","15","56,947","50.90","50.60","3,883","50.90","36",
"2468","華經","79","2","1,070","13.55","13.55","2,534","13.60","1,864",
"2471","資通","0","0","0","--","26.00","3,739","--","0",
"2472","立隆電","81","2","4,867","60.10","59.60","4,914","60.10","2,216",
"2474","可成","2,078","31","371,962","179.00","178.50","5,468","179.00","2,568",
"2476","鉅祥","211","3","6,498","30.80","30.80","4,454","31.00","1,971",
"2477","美隆電","0","0","0","--","34.95","1,949","35.00","622",
"2478","大毅","1,749","15","114,904","65.70","65.70","2,900","66.40","3",
"2480","敦陽科","98","4","6,740","68.80","68.80","5,285","69.10","1,233",
"2481","強茂","1,979","13","87,666","44.30","44.20","7,275","44.30","2,190",
"2482","連宇","2","2","22","11.55","11.55","2,960","--","0",
"2483","百容","7","1","136","19.50","19.40","1,699","19.50","1,391",
"2484","希華","550","8","13,911","25.30","25.30","3,325","25.35","554",
"2485","兆赫","100","7","2,037","20.40","20.25","3,987","20.40","1,304",
"2486","一詮","950","4","24,175","25.45","25.45","4,626","25.55","1,825",
"2488","漢平","70","3","2,030","29.00","28.95","1,652","29.00","1,717",
"2489","瑞軒","2,476","23","39,857","16.10","16.10","5,020","16.20","1,698",
"2491","吉祥全","988","5","20,944","21.20","21.20","3,495","21.55","999",
"2492","華新科","2,812","39","551,152","196.00","196.00","5,759","197.00","1,199",
"2493","揚博","700","7","26,318","37.60","37.05","1,768","37.60","450",
"2495","普安","2,090","13","48,070","23.00","23.00","821","23.05","2,495",
"2496","卓越","42","3","2,398","57.10","57.10","559","57.60","622",
"2497","怡利電","0","0","0","--","28.30","1,499","28.35","381",
"2498","宏達電","1,582","24","55,203","34.90","34.80","5,779","34.90","1,492",
"2501","國建","959","8","18,649","19.45","19.45","6,592","19.55","1,452",
"2504","國產","3,490","22","80,437","23.05","23.05","5,440","23.10","1,914",
"2505","國揚","2,450","15","76,557","31.25","31.25","6,545","31.35","1,492",
"2506","太設","1,604","12","15,954","9.95","9.94","1,835","9.95","3,113",
"2509","全坤建","1,033","24","19,627","19.00","19.00","11,270","19.10","1,968",
"2511","太子","1,673","12","19,822","11.85","11.80","6,453","11.85","2,692",
"2514","龍邦","1,175","7","20,032","17.05","17.05","2,293","17.15","272",
"2515","中工","2,636","22","23,477","8.91","8.91","5,743","8.92","1,536",
"2516","新建","168","10","922","5.51","5.51","3,038","5.57","1,204",
"2520","冠德","2,560","20","94,840","37.05","37.05","5,408","37.15","801",
"2524","京城","269","4","9,440","35.10","35.10","2,404","35.25","1,639",
"2527","宏璟","299","4","6,845","22.90","22.90","3,152","23.10","579",
"2528","皇普","0","0","0","--","21.35","2,997","21.40","1,451",
"2530","華建","730","6","9,779","13.40","13.35","1,999","13.40","1,521",
"2534","宏盛","3,953","27","77,471","19.60","19.60","7,827","19.65","3,375",
"2535","達欣工","1,290","13","42,050","32.60","32.60","6,112","32.70","1,743",
"2536","宏普","267","6","5,790","21.70","21.45","2,977","21.70","408",
"2537","聯上發","1","1","8","8.60","8.60","4,874","8.97","115",
"2538","基泰","237","4","2,344","9.90","9.90","4,816","9.97","1,011",
"2539","櫻花建","227","2","7,014","30.90","30.90","3,819","31.10","1,448",
"2540","愛山林","0","0","0","--","70.30","580","70.40","1,822",
"2542","興富發","6,348","48","271,681","42.80","42.75","8,575","42.80","2,832",
"2543","皇昌","5","1","41","8.20","8.20","1,994","8.24","2,483",
"2545","皇翔","450","5","18,134","40.30","40.25","3,437","40.30","514",
"2546","根基","46","3","2,112","45.95","45.95","2,791","48.30","142",
"2547","日勝生","348","5","3,791","10.90","10.90","6,815","10.95","414",
"2548","華固","1,462","13","135,966","93.00","93.00","2,568","96.00","76",
"2597","潤弘","0","0","0","--","142.00","3,048","146.00","1,019",
"2601","益航","9,444","48","114,726","12.15","12.15","13,741","12.20","1,324",
"2603","長榮","79,551","658","5,576,361","70.10","70.10","65,548","70.20","13,972",
"2605","新興","6,236","51","145,284","23.30","23.30","2,973","23.35","1,394",
"2606","裕民","4,932","42","234,264","47.50","47.50","2,012","47.95","1,882",
"2607","榮運","5,367","25","101,157","18.85","18.85","5,294","19.10","689",
"2608","嘉里大榮","1,909","13","85,520","44.80","44.80","4,121","44.85","2,133",
"2609","陽明","78,476","548","5,791,395","73.80","73.70","42,600","73.80","43,225",
"2610","華航","14,466","107","217,686","15.05","15.05","28,667","15.10","11,695",
"2611","志信","1,355","14","18,970","14.00","13.95","3,415","14.00","1,360",
"2612","中航","2,173","17","83,658","38.50","38.50","1,908","38.70","3,940",
"2613","中櫃","1,313","13","28,226","21.50","21.50","1,176","21.60","1,088",
"2614","東森","4,735","33","79,301","16.75","16.65","9,076","16.75","4,149",
"2615","萬海","9,010","86","734,301","81.50","81.50","6,069","81.60","3,209",
"2616","山隆","764","14","26,694","34.95","34.95","5,294","36.80","20",
"2617","台航","503","6","18,108","36.00","34.00","2,765","36.00","1,851",
"2618","長榮航","8,588","62","125,789","14.65","14.60","32,744","14.65","5,015",
"2630","亞航","103","2","1,601","15.55","15.55","2,325","15.60","823",
"2633","台灣高鐵","3,973","32","114,805","28.90","28.90","11,086","30.60","4,483",
"2634","漢翔","759","7","20,339","26.80","26.80","4,907","28.30","100",
"2636","台驊投控","1,050","20","73,383","69.90","68.50","4,698","69.90","901",
"2637","慧洋-KY","10,328","70","614,503","59.50","59.40","6,611","59.50","1,918",
"2642","宅配通","712","11","26,378","37.05","37.05","8,336","37.25","1,183",
"2701","萬企","508","5","5,916","11.65","11.60","5,677","11.65","2,340",
"2702","華園","196","2","3,596","18.35","18.10","1,502","18.35","97",
"2704","國賓","5","2","142","28.50","28.40","1,589","28.50","2,873",
"2705","六福","998","11","15,863","15.90","15.90","4,259","15.95","969",
"2706","第一店","0","0","0","--","13.70","4,969","--","0",
"2707","晶華","914","13","122,017","133.50","133.50","3,521","134.00","1,043",
"2712","遠雄來","0","0","0","--","31.60","1,499","32.05","983",
"2722","夏都","80","2","2,135","26.70","26.70","1,737","26.75","1,258",
"2723","美食-KY","500","5","79,000","158.00","150.50","2,107","158.00","881",
"2727","王品","2,467","57","305,908","124.00","124.00","5,961","125.00","180",
"2731","雄獅","40","3","3,035","75.90","75.00","3,650","75.90","512",
"2739","寒舍","0","0","0","--","24.75","1,403","--","0",
"2748","雲品","0","0","0","--","39.00","3,848","39.30","1,327",
"2801","彰銀","8,757","67","146,658","16.75","16.75","10,629","16.90","1,875",
"2809","京城銀","1,376","16","54,414","39.55","39.55","5,223","39.65","2,073",
"2812","台中銀","10,831","80","123,977","11.45","11.45","14,242","11.50","9,963",
"2816","旺旺保","1,515","6","30,601","20.20","20.20","3,577","20.40","1,641",
"2820","華票","2,516","24","39,744","15.80","15.75","1,249","15.80","1,291",
"2823","中壽","8,628","52","204,031","23.65","23.65","10,340","23.70","4,076",
"2832","台產","513","5","10,926","21.30","21.30","3,193","21.50","312",
"2834","臺企銀","16,785","107","161,587","9.63","9.63","23,577","9.64","4,956",
"2836","高雄銀","2,363","13","25,160","10.65","10.65","6,233","10.70","5,005",
"2836A","高雄銀甲特","0","0","0","--","22.70","100","25.00","1,998",
"2838","聯邦銀","1,788","10","20,738","11.60","11.60","5,465","11.65","4,205",
"2838A","聯邦銀甲特","18","1","946","52.60","52.20","7,965","52.60","2,564",
"2841","台開","486","11","3,034","6.25","6.25","6,512","--","0",
"2845","遠東銀","2,781","20","29,472","10.60","10.60","7,085","10.70","713",
"2849","安泰銀","100","3","1,463","14.65","14.20","2,487","14.65","2,315",
"2850","新產","76","2","2,989","39.35","39.30","3,133","39.35","3,244",
"2851","中再保","400","3","10,160","25.40","25.40","3,516","25.45","177",
"2852","第一保","100","5","1,313","13.15","13.05","2,595","13.15","69",
"2855","統一證","5,520","35","143,520","26.00","26.00","3,140","26.10","2,224",
"2867","三商壽","797","6","7,178","9.01","9.01","11,629","9.03","1,613",
"2880","華南金","20,215","139","364,833","18.05","18.05","33,086","18.10","1,255",
"2881","富邦金","20,949","172","1,458,000","69.60","69.50","11,348","69.60","8,246",
"2881A","富邦特","321","6","19,803","61.70","61.70","1,596","61.80","1,690",
"2881B","富邦金乙特","40","1","2,464","61.60","61.40","4,096","61.60","3,803",
"2882","國泰金","24,182","174","1,245,338","51.50","51.50","26,700","51.60","3,905",
"2882A","國泰特","461","2","28,443","61.70","61.40","2,158","61.70","2,514",
"2882B","國泰金乙特","86","2","5,314","61.80","61.80","4,755","62.00","2,890",
"2883","開發金","34,218","186","413,971","12.10","12.10","45,887","12.15","11,908",
"2884","玉山金","34,086","250","872,508","25.60","25.60","75,921","25.65","2,493",
"2885","元大金","32,226","151","784,643","24.35","24.35","45,325","24.40","1,954",
"2886","兆豐金","11,627","121","369,106","31.75","31.75","39,797","31.80","2,812",
"2887","台新金","22,327","145","316,993","14.20","14.20","35,537","14.25","11,602",
"2887E","台新戊特","309","1","16,098","52.10","52.10","8,682","52.50","5,569",
"2887F","台新戊特二","0","0","0","--","51.20","3,148","51.40","4,267",
"2888","新光金","15,268","101","141,644","9.28","9.28","13,978","9.29","4,372",
"2888A","新光金甲特","105","3","4,446","42.35","42.35","1,332","42.80","1,224",
"2888B","新光金乙特","750","3","30,936","41.25","41.15","2,977","41.25","3,559",
"2889","國票金","9,256","70","155,473","16.80","16.80","19,227","16.90","1,392",
"2890","永豐金","22,398","120","291,174","13.00","12.95","5,602","13.00","8,832",
"2891","中信金","15,586","132","343,626","22.05","22.00","31,623","22.05","11,115",
"2891B","中信金乙特","15","1","948","63.20","62.70","3,196","63.20","2,271",
"2891C","中信金丙特","221","3","13,414","60.70","60.70","1,940","61.00","2,394",
"2892","第一金","18,164","170","394,999","21.75","21.70","51,201","21.75","5,739",
"2897","王道銀行","1,181","6","8,181","6.93","6.90","4,978","6.93","2,778",
"2897A","王道銀甲特","0","0","0","--","10.05","1,759","10.15","999",
"2901","欣欣","359","9","10,606","29.55","29.00","999","29.55","392",
"2903","遠百","960","9","21,260","22.15","22.10","5,696","22.15","1,890",
"2904","匯僑","559","10","16,211","29.00","29.00","1,818","29.05","1,526",
"2905","三商","1,432","15","29,209","20.40","20.40","5,686","20.45","2,271",
"2906","高林","180","1","2,520","14.00","14.00","2,555","14.10","1,450",
"2908","特力","156","3","3,868","24.80","24.80","1,399","24.90","1,273",
"2910","統領","0","0","0","--","30.50","999","31.40","685",
"2911","麗嬰房","156","4","1,174","7.54","7.54","3,626","--","0",
"2912","統一超","2,964","76","804,707","271.50","271.00","6,145","271.50","4,392",
"2913","農林","4,777","23","89,322","18.70","18.70","4,341","18.75","2,767",
"2915","潤泰全","2,623","24","217,176","82.80","82.70","5,570","82.80","2,402",
"2923","鼎固-KY","443","14","12,711","28.70","28.70","3,291","30.45","390",
"2929","淘帝-KY","741","6","9,000","12.15","--","0","12.15","3,836",
"2936","客思達-KY","10","1","217","21.75","21.75","1,035","21.95","693",
"2939","凱羿-KY","0","0","0","--","33.40","773","--","0",
"3002","歐格","300","2","3,570","11.90","11.90","1,399","12.05","461",
"3003","健和興","700","11","43,678","62.40","62.40","2,085","63.20","101",
"3004","豐達科","0","0","0","--","49.10","2,250","49.15","120",
"3005","神基","77","4","3,865","50.20","50.20","4,436","50.50","180",
"3006","晶豪科","2,520","39","273,413","108.50","108.50","10,149","109.00","579",
"3008","大立光","2,202","207","6,319,740","2,870.00","2,865.00","9,325","2,870.00","1,298",
"3010","華立","351","9","26,285","74.90","74.90","1,653","75.00","1,603",
"3011","今皓","0","0","0","--","7.22","3,589","7.23","42",
"3013","晟銘電","0","0","0","--","13.20","3,892","--","0",
"3014","聯陽","1,172","21","118,372","101.00","101.00","5,072","102.00","1,421",
"3015","全漢","192","2","8,102","42.20","42.10","6,550","42.20","1,776",
"3016","嘉晶","1,333","17","80,909","60.70","60.70","4,018","61.40","1,270",
"3017","奇鋐","1,133","16","67,980","60.00","60.00","2,399","60.30","550",
"3018","同開","302","3","5,072","16.80","16.80","2,902","17.70","140",
"3019","亞光","901","26","66,034","73.30","73.20","4,596","73.30","1,010",
"3021","鴻名","0","0","0","--","19.40","2,304","21.00","10",
"3022","威強電","647","6","30,923","47.80","47.80","6,336","47.90","615",
"3023","信邦","1,631","35","393,880","241.50","241.50","4,714","244.00","1,259",
"3024","憶聲","478","10","5,900","12.35","12.35","3,388","12.40","1,982",
"3025","星通","100","2","2,400","24.00","23.90","1,499","24.00","315",
"3026","禾伸堂","949","22","115,778","122.00","122.00","4,898","128.00","1,340",
"3027","盛達","263","7","5,401","20.55","20.55","3,255","20.70","517",
"3028","增你強","658","4","17,896","27.20","27.20","3,810","28.00","235",
"3029","零壹","87","3","3,870","44.50","44.50","8,603","44.70","1,899",
"3030","德律","248","3","14,011","56.50","56.50","4,467","58.90","3,033",
"3031","佰鴻","632","7","10,363","16.40","16.40","3,722","16.55","731",
"3032","偉訓","22","3","866","39.45","39.40","2,949","39.45","146",
"3033","威健","2,163","20","46,171","21.35","21.35","8,110","21.55","1,800",
"3034","聯詠","4,110","114","1,981,020","482.00","482.00","11,485","483.00","3,091",
"3035","智原","1,082","24","62,314","57.60","57.60","6,445","57.70","2,100",
"3036","文曄","2,513","19","125,896","50.10","50.10","4,496","50.30","1,454",
"3036A","文曄甲特","96","1","4,531","47.20","47.20","2,304","47.80","999",
"3037","欣興","2,498","30","237,310","95.00","95.00","4,538","95.10","2,528",
"3038","全台","412","5","7,804","18.95","18.95","2,516","--","0",
"3040","遠見","606","6","28,662","47.30","47.30","3,100","47.75","638",
"3041","揚智","1,588","13","36,359","22.90","22.90","8,504","23.10","7",
"3042","晶技","631","12","59,057","93.60","93.50","5,265","93.60","754",
"3043","科風","1,513","7","6,094","4.03","4.03","3,615","4.28","1,099",
"3044","健鼎","386","6","48,250","125.00","125.00","2,579","127.50","810",
"3045","台灣大","3,063","48","305,370","99.70","99.60","9,836","99.70","3,954",
"3046","建碁","894","5","19,352","21.65","21.55","1,878","21.65","969",
"3047","訊舟","585","4","6,023","10.30","10.30","5,281","10.40","105",
"3048","益登","927","10","29,937","32.30","32.25","6,473","32.30","126",
"3049","和鑫","2,528","17","28,938","11.45","11.45","5,412","11.50","1,578",
"3050","鈺德","104","3","1,444","13.90","13.80","2,851","13.90","1,029",
"3051","力特","2,399","9","17,964","7.49","7.48","2,369","7.49","337",
"3052","夆典","294","7","3,421","11.65","11.65","3,110","11.70","1,289",
"3054","立萬利","0","0","0","--","19.80","1,408","19.95","1,552",
"3055","蔚華科","2,594","50","75,078","28.95","28.90","9,792","28.95","234",
"3056","總太","51","2","1,922","37.70","37.70","7,883","41.30","173",
"3057","喬鼎","1,930","14","28,753","14.90","14.80","2,265","14.90","259",
"3058","立德","116","6","1,614","13.95","13.90","2,740","13.95","936",
"3059","華晶科","1,806","16","54,899","30.40","30.40","7,607","30.45","213",
"3060","銘異","1,203","11","31,335","26.05","26.00","700","26.05","552",
"3062","建漢","391","13","6,256","16.00","16.00","2,697","16.10","800",
"3090","日電貿","600","6","31,200","52.00","51.90","5,802","52.00","347",
"3092","鴻碩","1,097","9","65,820","60.00","60.00","3,459","60.60","584",
"3094","聯傑","200","5","5,928","29.65","29.65","1,537","29.75","3",
"3130","一零四","90","4","14,940","166.00","166.00","807","169.00","900",
"3138","耀登","1,567","33","255,421","163.00","163.00","647","--","0",
"3149","正達","1,030","8","31,001","30.10","30.10","3,625","30.45","801",
"3164","景岳","761","12","19,666","25.85","25.85","427","26.15","139",
"3167","大量","100","1","6,120","61.20","60.80","2,488","61.20","2,626",
"3189","景碩","531","4","47,524","89.50","89.50","4,304","90.10","97",
"3209","全科","957","5","26,554","27.75","27.70","4,277","27.75","617",
"3229","晟鈦","0","0","0","--","6.20","100","--","0",
"3231","緯創","7,295","65","216,272","29.65","29.65","32,943","29.70","5,432",
"3257","虹冠電","769","15","54,284","70.60","70.60","3,932","71.30","212",
"3266","昇陽","260","2","3,249","12.50","12.50","1,859","12.55","158",
"3296","勝德","0","0","0","--","19.90","1,503","20.25","279",
"3305","昇貿","774","3","29,024","37.50","37.45","4,560","37.50","174",
"3308","聯德","60","1","504","8.41","8.26","2,272","8.41","560",
"3311","閎暉","225","4","7,389","32.85","32.75","4,267","32.85","373",
"3312","弘憶股","291","6","5,411","18.60","18.60","1,790","18.70","1,597",
"3321","同泰","488","4","5,780","11.85","11.80","2,755","11.85","233",
"3338","泰碩","10","3","477","47.90","46.25","1,778","47.90","382",
"3346","麗清","472","4","19,846","42.05","42.05","3,279","43.45","167",
"3356","奇偶","132","3","3,542","26.85","26.85","3,376","29.00","479",
"3376","新日興","120","3","12,240","102.00","102.00","4,306","103.00","3,057",
"3380","明泰","173","9","4,530","26.20","26.20","4,081","26.40","903",
"3383","新世紀","1","1","4","4.60","4.60","649","5.16","1,998",
"3406","玉晶光","496","19","205,588","414.50","413.50","7,347","414.50","752",
"3413","京鼎","778","21","158,712","204.00","203.00","2,128","204.00","1,563",
"3416","融程電","105","2","7,549","71.90","71.40","3,814","71.90","791",
"3419","譁裕","521","4","8,933","17.15","17.15","1,992","18.85","160",
"3432","台端","0","0","0","--","12.80","2,151","12.90","689",
"3437","榮創","198","6","5,254","26.55","26.50","1,649","26.55","1,733",
"3443","創意","459","18","151,470","330.00","329.50","2,508","330.00","1,033",
"3450","聯鈞","730","11","38,466","52.70","52.60","3,787","52.70","1,431",
"3454","晶睿","192","2","14,016","73.00","73.00","2,872","73.40","423",
"3481","群創","25,551","170","536,571","21.00","20.95","62,195","21.00","6,650",
"3494","誠研","52","2","219","4.22","4.22","548","4.24","213",
"3501","維熹","40","2","1,927","48.20","48.20","3,108","51.20","40",
"3504","揚明光","12","3","811","67.70","67.40","2,447","67.70","2,456",
"3515","華擎","909","15","139,529","153.50","153.00","3,373","153.50","991",
"3518","柏騰","1","1","25","25.35","25.35","3,575","25.80","585",
"3528","安馳","80","1","3,672","45.90","45.75","2,311","45.90","2,765",
"3530","晶相光","351","4","34,082","97.10","97.10","4,154","--","0",
"3532","台勝科","798","11","119,700","150.00","149.00","2,506","150.00","1,511",
"3533","嘉澤","444","12","227,772","513.00","513.00","2,425","--","0",
"3535","晶彩科","4","4","64","16.60","16.55","1,816","16.60","1,050",
"3536","誠創","100","2","805","8.06","--","0","8.06","1,747",
"3543","州巧","0","0","0","--","27.30","3,818","--","0",
"3545","敦泰","1,248","23","208,416","167.00","167.00","14,962","167.50","2,170",
"3550","聯穎","1","1","17","17.15","17.15","1,747","17.20","271",
"3557","嘉威","1,000","8","83,297","83.30","83.00","6,268","83.30","3,041",
"3563","牧德","1,238","23","281,026","227.00","227.00","5,632","232.50","97",
"3576","聯合再生","13,854","83","180,102","13.00","13.00","8,376","13.05","1,519",
"3583","辛耘","40","1","2,320","58.00","57.80","2,218","58.00","965",
"3588","通嘉","353","4","21,602","61.20","61.00","1,758","61.20","1,115",
"3591","艾笛森","504","5","9,296","18.45","18.20","4,356","18.45","399",
"3593","力銘","257","2","3,571","13.90","13.90","3,122","14.00","886",
"3596","智易","2,092","36","188,280","90.00","90.00","5,694","92.80","515",
"3605","宏致","323","3","12,450","38.55","38.55","5,849","38.90","518",
"3607","谷崧","248","7","3,371","13.60","13.60","2,433","13.65","1,481",
"3617","碩天","90","2","7,307","81.20","81.20","1,611","83.00","325",
"3622","洋華","457","9","14,073","30.80","30.70","3,200","30.80","45",
"3645","達邁","294","5","12,642","43.00","42.70","4,037","43.00","207",
"3653","健策","1,644","6","430,728","262.00","262.00","2,277,687","--","0",
"3661","世芯-KY","1,071","60","482,470","450.50","450.50","3,162","453.00","1,739",
"3665","貿聯-KY","1,069","13","254,955","238.50","238.50","3,762","239.50","2,098",
"3669","圓展","728","8","62,462","85.80","85.80","2,854","86.50","441",
"3673","TPK-KY","1,100","8","55,000","50.00","48.90","3,950","50.00","1,985",
"3679","新至陞","228","5","28,728","126.00","126.00","2,961","127.00","202",
"3682","亞太電","8,200","50","68,045","8.30","8.30","7,468","8.38","2,075",
"3686","達能","1,976","7","29,640","15.00","15.00","303,982","--","0",
"3694","海華","0","0","0","--","20.80","1,909","22.00","1,199",
"3701","大眾控","377","3","5,278","14.00","14.00","7,121","14.45","2,168",
"3702","大聯大","4,412","24","212,654","48.20","48.20","5,774","48.30","4,633",
"3702A","大聯大甲特","578","5","28,553","49.40","49.40","2,996","50.20","1,415",
"3703","欣陸","1,824","24","44,949","24.65","24.65","8,558","24.85","923",
"3704","合勤控","520","11","14,167","27.25","27.25","5,958","27.50","146",
"3705","永信","324","7","13,880","42.85","42.85","2,701","43.00","289",
"3706","神達","5,932","43","162,814","27.45","27.45","12,999","27.55","2,369",
"3708","上緯投控","959","19","111,244","116.00","116.00","2,934","116.50","1,999",
"3711","日月光投控","5,571","53","579,384","104.00","103.50","8,394","104.00","17,073",
"3712","永崴投控","1,225","7","31,850","26.00","26.00","4,336","26.10","2,741",
"3714","富采","4,867","36","301,754","62.00","62.00","26,760","62.20","925",
"4104","佳醫","358","12","20,440","57.10","57.10","4,262","57.40","1,041",
"4106","雃博","2,180","17","85,020","39.00","39.00","4,654","45.00","100",
"4108","懷特","790","8","23,340","29.55","29.55","3,398","--","0",
"4119","旭富","208","12","17,443","83.90","83.60","4,084","83.90","1,663",
"4133","亞諾法","1,695","18","107,630","63.50","63.00","4,993","63.50","924",
"4137","麗豐-KY","121","5","25,168","208.00","208.00","2,104","215.00","1,049",
"4141","龍燈-KY","202","4","2,544","12.60","12.50","2,893","12.60","2,082",
"4142","國光生","6,867","50","402,393","58.60","58.60","24,344","59.00","1,731",
"4148","全宇生技-KY","0","0","0","--","35.00","999","35.75","642",
"4155","訊映","952","2","23,419","24.60","24.55","2,917","24.60","379",
"4164","承業醫","333","8","11,801","35.45","35.45","2,038","38.10","784",
"4190","佐登-KY","1","1","79","79.10","79.10","1,321","--","0",
"4306","炎洲","1,253","12","21,301","17.00","16.95","4,161","17.00","822",
"4414","如興","978","5","9,876","10.10","9.66","2,959","10.10","3,146",
"4426","利勤","600","9","14,400","24.00","24.00","1,791","24.25","2,613",
"4438","廣越","36","2","4,248","118.00","118.00","1,436","119.00","1,440",
"4439","冠星-KY","1","1","145","145.00","144.50","1,000","145.00","820",
"4526","東台","127","7","1,929","15.20","15.20","4,773","--","0",
"4532","瑞智","245","4","4,983","20.35","20.20","4,006","20.35","811",
"4536","拓凱","1","1","158","158.50","158.50","4,627","160.00","1,158",
"4540","全球傳動","261","3","12,540","48.05","47.95","1,090","48.05","144",
"4545","銘鈺","500","5","13,098","26.20","25.80","2,946","26.20","44",
"4551","智伸科","100","4","15,950","159.50","159.50","1,935","162.00","109",
"4552","力達-KY","3","1","89","29.90","29.65","1,689","29.90","1,210",
"4555","氣立","151","3","7,550","50.00","49.50","1,199","50.00","702",
"4557","永新-KY","0","0","0","--","63.70","2,437","65.00","1,597",
"4560","強信-KY","0","0","0","--","40.55","3,357","40.90","1,197",
"4562","穎漢","200","3","4,239","21.20","20.50","1,026","21.20","352",
"4564","元翎","200","2","7,339","36.70","36.70","1,922","37.20","760",
"4566","時碩工業","0","0","0","--","45.50","2,197","45.90","526",
"4571","鈞興-KY","0","0","0","--","128.00","1,771","129.50","1,168",
"4572","駐龍","0","0","0","--","85.70","999","87.40","489",
"4576","大銀微系統","0","0","0","--","119.00","1,679","119.50","62",
"4581","光隆精密-KY","0","0","0","--","36.50","999","37.25","571",
"4720","德淵","145","4","2,189","15.10","15.00","2,603","15.10","1,595",
"4722","國精化","4","1","134","33.70","33.50","4,677","33.70","1,721",
"4737","華廣","100","2","7,130","71.30","70.50","2,235","71.30","1,141",
"4739","康普","937","7","59,968","64.00","63.90","2,805","64.00","51",
"4746","台耀","4,800","23","307,673","64.10","64.10","7,269,707","--","0",
"4755","三福化","0","0","0","--","60.90","1,510","61.40","1,397",
"4763","材料-KY","0","0","0","--","121.50","1,100","124.00","42",
"4764","雙鍵","0","0","0","--","57.60","999","57.90","1,671",
"4766","南寶","0","0","0","--","143.50","1,181","154.00","1,114",
"4807","日成-KY","2","2","48","24.10","24.10","1,035","24.20","689",
"4904","遠傳","653","15","42,179","64.60","64.50","3,006","64.60","2,945",
"4906","正文","400","3","11,279","28.20","28.00","4,638","28.20","921",
"4912","聯德控股-KY","67","4","11,256","168.00","167.50","2,443","168.00","1,040",
"4915","致伸","758","6","38,658","51.00","51.00","6,054","51.30","610",
"4916","事欣科","202","3","4,544","22.50","22.50","1,697","23.60","781",
"4919","新唐","1,462","16","92,980","63.60","63.60","7,586","63.80","4,936",
"4927","泰鼎-KY","30","8","1,511","50.50","50.00","3,412","50.50","507",
"4930","燦星網","256","8","6,144","24.00","24.00","2,797","24.20","1,216",
"4934","太極","65","5","1,510","23.25","23.10","6,109","23.25","1,192",
"4935","茂林-KY","20","2","1,820","91.00","90.50","2,960","91.00","431",
"4938","和碩","4,272","40","301,592","70.60","70.60","3,999","70.70","3,861",
"4942","嘉彰","6","6","246","41.75","41.40","2,997","41.75","501",
"4943","康控-KY","1,318","8","70,378","53.40","53.10","3,870","53.40","2,103",
"4952","凌通","472","5","22,184","47.00","47.00","3,938","47.50","658",
"4956","光鋐","10","1","202","20.25","20.20","2,015","20.25","265",
"4958","臻鼎-KY","566","12","51,221","90.50","90.40","7,475","90.50","3,033",
"4960","誠美材","476","6","5,591","11.75","11.75","4,082","11.80","14",
"4961","天鈺","1,330","22","314,542","236.50","236.00","7,307","236.50","1,003",
"4967","十銓","2,492","15","121,107","48.60","48.60","15,428","48.85","3,726",
"4968","立積","545","19","238,980","438.50","438.00","3,527","438.50","1,503",
"4976","佳凌","649","21","42,834","66.00","65.70","4,494","66.00","2,485",
"4977","眾達-KY","170","3","14,499","85.30","85.10","1,659","85.30","1,165",
"4989","榮科","146","4","5,073","34.75","34.60","1,229","34.75","1,846",
"4994","傳奇","108","2","6,696","62.00","61.90","1,500","62.00","899",
"4999","鑫禾","2","2","96","48.40","48.40","2,849","53.10","95",
"5007","三星","366","6","20,934","57.20","57.20","2,206","57.30","1,905",
"5203","訊連","994","13","87,472","88.00","81.60","2,338","88.00","469",
"5215","科嘉-KY","1,225","10","123,725","101.00","100.50","2,556","101.00","234",
"5225","東科-KY","0","0","0","--","18.80","999","19.15","826",
"5234","達興材料","0","0","0","--","85.20","3,974","87.80","558",
"5243","乙盛-KY","658","11","35,991","54.70","54.70","5,687","55.30","513",
"5258","虹堡","0","0","0","--","21.10","2,244","--","0",
"5269","祥碩","530","12","583,000","1,100.00","1,100.00","2,078,084","--","0",
"5283","禾聯碩","200","3","23,299","116.50","116.50","1,935","118.00","150",
"5284","jpp-KY","0","0","0","--","42.90","1,262","43.30","993",
"5285","界霖","40","3","2,480","62.00","61.70","2,564","62.00","159",
"5288","豐祥-KY","1","1","138","138.00","137.00","3,882","138.00","2,049",
"5388","中磊","800","7","53,278","66.60","64.00","3,528","66.60","568",
"5434","崇越","731","13","91,375","125.00","125.00","1,942","126.00","70",
"5469","瀚宇博","1,487","21","60,288","40.55","40.55","5,607","40.90","731",
"5471","松翰","150","6","14,578","97.20","89.50","6,207","97.20","125",
"5484","慧友","546","6","7,670","14.05","14.05","2,034","14.10","2,431",
"5515","建國","100","3","1,268","12.70","12.65","9,134","12.70","418",
"5519","隆大","673","5","14,031","20.85","20.80","3,265","20.85","1,065",
"5521","工信","680","5","6,731","9.90","9.90","3,293","10.80","999",
"5522","遠雄","513","5","27,598","53.80","53.70","1,771","53.80","2,036",
"5525","順天","885","5","20,929","23.65","23.65","3,043","23.75","2,747",
"5531","鄉林","1,343","11","15,443","11.50","11.50","1,458","11.60","254",
"5533","皇鼎","0","0","0","--","15.55","4,545","15.65","1,806",
"5534","長虹","1,399","6","111,497","79.70","79.40","5,349","79.70","1,073",
"5538","東明-KY","0","0","0","--","42.90","2,485","43.20","112",
"5546","永固-KY","0","0","0","--","73.90","1,899","74.50","1,392",
"5607","遠雄港","866","10","25,457","29.40","29.40","4,347","29.60","357",
"5608","四維航","5,234","35","146,278","27.95","--","0","27.95","18,753",
"5706","鳳凰","975","10","31,588","32.40","32.40","3,191","37.00","428",
"5871","中租-KY","3,118","46","609,560","195.50","195.00","8,534","195.50","4,558",
"5871A","中租-KY甲特","999","2","99,499","99.60","99.50","2,099","99.60","2,104",
"5876","上海商銀","1,158","15","49,211","42.50","42.50","3,806","42.55","3,614",
"5880","合庫金","26,294","198","545,533","20.75","20.75","24,098","20.80","8,841",
"5906","台南-KY","0","0","0","--","44.20","1,699","44.40","719",
"5907","大洋-KY","0","0","0","--","18.90","1,499","19.25","968",
"6005","群益證","3,940","28","63,819","16.20","16.20","8,627","16.25","2,307",
"6024","群益期","1,055","14","44,310","42.00","42.00","2,227","42.35","1,942",
"6108","競國","2","2","34","17.90","17.90","1,753","18.00","269",
"6112","聚碩","337","3","13,563","40.25","40.25","4,832","40.50","664",
"6115","鎰勝","0","0","0","--","43.20","3,981","43.35","1,239",
"6116","彩晶","20,455","100","373,274","18.25","18.25","44,359","18.60","788",
"6117","迎廣","233","4","3,611","15.50","15.50","4,065","--","0",
"6120","達運","1,216","5","15,199","12.50","12.40","2,908","12.50","1,114",
"6128","上福","150","2","3,682","24.55","24.50","3,083","24.55","1,773",
"6133","金橋","5","1","45","9.10","9.06","1,731","9.10","2,542",
"6136","富爾特","322","5","5,633","17.50","17.50","5,269","18.50","344",
"6139","亞翔","103","2","2,806","27.25","27.25","3,114","28.00","532",
"6141","柏承","41","2","1,066","26.00","26.00","2,533","26.10","509",
"6142","友勁","2,146","14","24,029","11.20","11.20","3,415","11.25","2,388",
"6152","百一","2","2","20","10.10","10.10","4,703","--","0",
"6153","嘉聯益","5,253","41","145,491","27.70","27.70","10,201","28.00","516",
"6155","鈞寶","17","3","405","23.90","23.90","1,605","--","0",
"6164","華興","134","5","1,272","9.50","9.50","2,488","9.51","845",
"6165","浪凡","527","6","16,229","30.80","30.80","2,313","30.85","18",
"6166","凌華","495","1","28,215","57.00","57.00","2,009","57.50","1,777",
"6168","宏齊","857","7","15,036","17.55","17.55","2,684","17.70","427",
"6172","互億","173","2","6,452","37.30","37.30","826","37.60","2,165",
"6176","瑞儀","600","7","70,800","118.00","117.50","5,174","118.00","740",
"6177","達麗","662","5","18,666","28.20","28.15","2,500","28.20","670",
"6183","關貿","193","2","9,457","49.00","49.00","2,641","52.00","637",
"6184","大豐電","130","3","5,707","43.90","43.90","4,280","44.00","1,717",
"6189","豐藝","145","2","5,763","39.75","39.55","2,847","39.75","575",
"6191","精成科","1,355","7","38,885","28.70","28.50","5,718","28.70","181",
"6192","巨路","301","4","20,347","67.60","67.60","2,258","68.50","1,593",
"6196","帆宣","66","3","6,507","98.60","98.60","3,062","99.40","999",
"6197","佳必琪","2,504","15","89,763","35.85","35.85","3,037","36.00","1,470",
"6201","亞弘電","4","4","180","45.70","45.70","1,595","46.15","611",
"6202","盛群","122","5","10,675","87.50","87.50","2,282","88.00","508",
"6205","詮欣","0","0","0","--","31.10","1,499","31.55","120",
"6206","飛捷","584","8","36,087","61.80","61.80","4,032","62.40","303",
"6209","今國光","633","8","19,556","30.90","30.90","2,000","31.15","239",
"6213","聯茂","206","4","24,308","118.00","118.00","6,863","119.50","995",
"6214","精誠","668","12","58,580","87.70","87.50","6,405","87.70","3,119",
"6215","和椿","10","2","210","21.10","21.10","1,781","--","0",
"6216","居易","100","2","2,524","25.25","25.20","1,586","25.25","829",
"6224","聚鼎","369","14","38,745","105.00","105.00","5,740","114.00","999",
"6225","天瀚","399","2","1,396","3.50","3.50","1,882","--","0",
"6226","光鼎","675","6","5,640","8.36","8.36","1,744","8.42","15",
"6230","尼得科超眾","148","3","29,600","200.00","200.00","1,754","--","0",
"6235","華孚","2","2","32","16.90","16.90","2,795","17.00","1,770",
"6239","力成","357","12","35,660","99.90","99.80","4,497","99.90","4,057",
"6243","迅杰","300","8","4,437","14.80","14.80","2,726","14.85","1,099",
"6251","定穎","2,057","16","36,091","17.55","17.50","6,157","17.55","1,406",
"6257","矽格","1,000","10","50,000","50.00","48.50","5,274","50.00","2,813",
"6269","台郡","1,057","15","120,498","114.00","114.00","4,609","114.50","1,366",
"6271","同欣電","1,719","24","275,895","160.50","160.00","7,288","160.50","448",
"6277","宏正","99","2","8,266","83.50","83.50","4,306","83.90","1,453",
"6278","台表科","400","3","39,600","99.00","99.00","4,077","100.00","392",
"6281","全國電","83","2","6,730","81.10","80.60","1,942","81.10","201",
"6282","康舒","164","3","4,132","25.20","25.20","7,798","27.00","55",
"6283","淳安","228","6","9,528","41.80","41.80","2,599","42.00","1,050",
"6285","啟碁","275","9","17,763","64.60","64.60","9,137","65.00","211",
"6288","聯嘉","20","2","486","24.35","24.35","2,023","24.40","500",
"6289","華上","1,001","7","3,021","3.02","2.95","2,098","3.02","1,312",
"6405","悅城","0","0","0","--","24.95","3,497","25.10","140",
"6409","旭隼","272","5","295,120","1,085.00","1,085.00","987","1,090.00","1,565",
"6412","群電","1,227","7","83,187","67.80","67.80","4,467","67.90","1,027",
"6414","樺漢","300","6","58,200","194.00","193.00","2,264","194.00","1,129",
"6415","矽力-KY","716","20","2,033,440","2,840.00","2,730.00","723","2,840.00","1,703",
"6416","瑞祺電通","700","13","74,200","106.00","106.00","2,579","107.00","420",
"6426","統新","0","0","0","--","76.30","1,497","77.00","1,019",
"6431","光麗-KY","0","0","0","--","30.50","999","31.15","168",
"6438","迅得","1","1","87","87.40","87.40","2,265","90.00","39",
"6442","光聖","0","0","0","--","31.70","1,001","31.95","2,228",
"6443","元晶","3,981","35","127,392","32.00","32.00","11,086","32.15","684",
"6449","鈺邦","177","5","10,068","56.90","56.70","1,607","56.90","1,665",
"6451","訊芯-KY","72","2","7,523","104.50","104.50","1,148,218","--","0",
"6456","GIS-KY","260","3","24,570","94.50","94.50","3,072","95.00","102",
"6464","台數科","1","1","111","111.00","109.00","999","111.00","2,064",
"6477","安集","826","11","34,936","42.30","42.30","5,085","46.20","483",
"6491","晶碩","335","6","152,760","456.00","444.00","1,619","456.00","192",
"6504","南六","262","11","48,337","184.50","184.00","2,964","184.50","944",
"6505","台塑化","1,903","14","185,540","97.50","97.10","3,979","97.50","1,051",
"6515","穎崴","230","4","57,500","250.00","249.00","1,834","250.00","195",
"6525","捷敏-KY","420","5","30,701","73.10","73.00","1,946","73.10","512",
"6531","愛普","1,841","53","1,054,893","573.00","573.00","1,498","574.00","1,452",
"6533","晶心科","190","12","69,350","365.00","365.00","1,693","366.00","698",
"6541","泰福-KY","20","1","1,156","57.80","57.80","4,338,674","--","0",
"6552","易華電","170","1","8,211","48.30","47.80","2,996","48.30","1,098",
"6558","興能高","36","1","1,324","36.80","36.60","1,647","36.80","614",
"6573","虹揚-KY","0","0","0","--","15.30","1,142","16.80","999",
"6579","研揚","0","0","0","--","64.40","1,003","68.30","1,109",
"6581","鋼聯","170","6","11,473","67.50","67.50","2,956","72.20","37",
"6582","申豐","775","15","206,925","267.00","266.00","3,521","275.00","200",
"6591","動力-KY","200","2","12,239","61.20","61.20","1,388","61.30","1,750",
"6592","和潤企業","1,050","14","83,786","79.80","79.80","7,583","80.20","1,347",
"6598","ABC-KY","995","9","50,841","51.10","51.10","3,362","53.00","1,435",
"6605","帝寶","250","6","14,623","58.50","55.70","2,861","58.50","381",
"6625","必應","0","0","0","--","28.05","2,856","28.45","339",
"6641","基士德-KY","100","2","6,780","67.80","67.30","1,999","67.80","404",
"6655","科定","15","1","1,044","69.60","69.50","1,019","69.60","1,498",
"6666","羅麗芬-KY","0","0","0","--","75.80","2,085","--","0",
"6668","中揚光","3","1","183","61.00","61.00","1,910","61.80","1,290",
"6669","緯穎","689","30","556,712","808.00","808.00","2,636","812.00","169",
"6670","復盛應用","780","2","166,920","214.00","202.00","3,022","214.00","227",
"6671","三能-KY","0","0","0","--","47.00","2,009","--","0",
"6672","騰輝電子-KY","640","5","55,807","87.20","87.20","1,973","88.50","1,112",
"6674","鋐寶科技","90","1","2,340","26.00","26.00","1,119","26.05","1",
"6698","旭暉應材","1","1","38","38.20","38.20","1,998","40.60","343",
"6706","惠特","2,336","31","332,874","142.50","142.50","4,376","149.50","271",
"6715","嘉基","50","1","5,400","108.00","107.00","1,001","108.00","605",
"6743","安普新","260","9","27,820","107.00","107.00","657","107.50","264",
"6754","匯僑設計","50","1","2,222","44.45","44.30","1,378","44.45","647",
"6756","威鋒電子","1,026","14","241,110","235.00","234.00","70","235.00","1,569",
"6768","志強-KY","0","0","0","--","69.90","549","70.00","654",
"6776","展碁國際","0","0","0","--","38.45","250","38.85","1,000",
"6781","AES-KY","270","12","180,900","670.00","668.00","894","670.00","2,231",
"8011","台通","143","9","2,267","15.90","15.85","6,770","15.90","1,324",
"8016","矽創","1,810","32","423,540","234.00","233.50","2,979","234.00","3,605",
"8021","尖點","5,585","24","210,263","37.65","37.65","6,001","--","0",
"8028","昇陽半導體","130","2","5,590","43.00","42.15","3,802","43.00","767",
"8033","雷虎","600","6","8,639","14.40","14.25","2,131","14.40","247",
"8039","台虹","500","5","23,373","46.75","46.60","3,311","46.75","1,410",
"8046","南電","1,193","28","343,584","288.00","288.00","2,724","290.00","4,380",
"8070","長華*","10","1","318","31.80","31.80","9,306","31.95","1,414",
"8072","陞泰","204","5","5,140","25.20","25.15","1,873","25.20","396",
"8081","致新","1,037","13","213,622","206.00","206.00","3,291","206.50","148",
"8101","華冠","919","7","2,525","2.75","2.75","5,713","2.80","280",
"8103","瀚荃","838","7","29,914","35.70","35.70","3,183","36.30","151",
"8104","錸寶","0","0","0","--","46.50","2,745","51.00","1,999",
"8105","凌巨","425","7","5,076","11.95","11.90","3,190","11.95","1,414",
"8110","華東","1,045","11","14,210","13.60","13.55","2,001","13.60","1,340",
"8112","至上","4,422","26","170,897","38.65","38.65","8,411","38.95","654",
"8114","振樺電","100","3","6,949","69.50","69.50","2,377","70.00","1,392",
"8131","福懋科","0","0","0","--","39.00","2,892","40.00","418",
"8150","南茂","4,240","31","179,552","42.35","42.35","2,293","42.40","3,232",
"8163","達方","1,139","11","47,378","41.60","41.60","4,782","42.45","240",
"8201","無敵","95","2","902","9.50","9.50","3,267","9.54","2,527",
"8210","勤誠","0","0","0","--","77.40","3,872","77.70","252",
"8213","志超","50","2","2,367","47.35","47.05","3,038","47.35","301",
"8215","明基材","2","2","46","23.75","23.75","5,635","24.80","98",
"8222","寶一","304","10","3,842","12.65","12.65","6,625","12.70","2,842",
"8249","菱光","150","3","3,253","21.70","21.65","2,260","21.70","378",
"8261","富鼎","556","15","32,133","57.80","57.80","2,705","57.90","203",
"8271","宇瞻","315","10","13,259","42.10","42.10","5,446","42.30","1,379",
"8341","日友","1,707","37","360,177","211.00","211.00","11,032","211.50","162",
"8367","建新國際","0","0","0","--","32.70","1,002","35.00","16",
"8374","羅昇","149","3","3,522","23.65","23.65","2,851","23.95","3,075",
"8404","百和興業-KY","1,642","15","73,556","44.80","44.80","2,758","45.00","402",
"8411","福貞-KY","35","2","490","14.00","13.90","1,647","14.00","332",
"8422","可寧衛","155","5","26,737","172.50","172.00","6,863","172.50","745",
"8427","基勝-KY","50","1","2,487","49.75","49.00","500","49.75","1,624",
"8429","金麗-KY","535","7","5,028","9.40","9.40","1,728","9.44","618",
"8442","威宏-KY","0","0","0","--","39.20","999","39.90","1,435",
"8443","阿瘦","200","5","2,318","11.60","11.50","2,304","11.60","856",
"8454","富邦媒","681","15","732,075","1,075.00","1,075.00","1,222","1,080.00","636",
"8462","柏文","1,177","26","165,957","141.00","140.50","5,005","141.00","2,141",
"8463","潤泰材","0","0","0","--","34.75","1,003","34.90","101",
"8464","億豐","57","8","22,059","387.00","386.50","2,262","387.00","1,641",
"8466","美吉吉-KY","300","1","16,920","56.40","55.30","999","56.40","330",
"8467","波力-KY","0","0","0","--","--","0","--","0",
"8473","山林水","113","2","4,407","39.00","39.00","2,683","40.30","73",
"8478","東哥遊艇","0","0","0","--","48.00","1,942","--","0",
"8480","泰昇-KY","0","0","0","--","109.50","1,354","115.00","39",
"8481","政伸","0","0","0","--","80.10","1,144","80.20","307",
"8482","商億-KY","0","0","0","--","71.20","1,014","72.00","159",
"8488","吉源-KY","0","0","0","--","14.80","999","--","0",
"8499","鼎炫-KY","100","6","13,000","130.00","130.00","1,660","132.50","400",
"8926","台汽電","1,262","4","49,091","38.90","38.90","5,070","41.20","999",
"8940","新天地","210","4","2,361","11.25","11.25","1,610","--","0",
"8996","高力","1","1","43","43.00","43.00","3,348","43.20","537",
"9103","美德醫療-DR","1,030","6","31,517","30.60","30.60","10,823,715","--","0",
"910322","康師傅-DR","0","0","0","--","25.30","999","25.80","911",
"9105","泰金寶-DR","1,381","9","6,378","4.62","4.60","6,637","4.62","2,043",
"910861","神州-DR","0","0","0","--","9.21","1,798","9.38","908",
"9110","越南控-DR","0","0","0","--","3.00","33","3.03","898",
"911608","明輝-DR","0","0","0","--","3.61","2,498","4.21","3,996",
"911616","杜康-DR","500","1","950","1.90","1.86","1,350","1.94","1,998",
"911622","泰聚亨-DR","271","2","1,978","7.30","7.20","999","7.30","1,358",
"911868","同方友友-DR","0","0","0","--","1.55","1,685","--","0",
"912000","晨訊科-DR","350","2","910","2.60","2.60","2,272","2.68","5,872",
"912398","友佳-DR","100","1","460","4.60","4.60","2,475","4.63","819",
"9136","巨騰-DR","0","0","0","--","8.60","1,499","9.00","529",
"9188","精熙-DR","350","2","1,015","2.90","2.90","200","2.94","2,568",
"9802","鈺齊-KY","373","3","38,792","104.00","103.50","2,119","104.00","1,944",
"9902","台火","201","6","2,338","11.65","11.65","2,397","11.75","2,356",
"9904","寶成","3,260","24","102,033","31.30","31.30","6,733","31.35","2,754",
"9905","大華","425","7","10,814","25.45","25.30","1,843","25.45","232",
"9906","欣巴巴","1","1","41","41.50","41.10","500","41.50","2,184",
"9907","統一實","2,103","24","26,491","12.60","12.60","6,410","12.65","2,932",
"9908","大台北","756","5","25,399","33.60","33.60","3,290","33.90","1,342",
"9910","豐泰","1,224","9","239,904","196.00","196.00","3,140","196.50","2,993",
"9911","櫻花","920","15","56,120","61.00","60.90","2,600","61.00","3,026",
"9912","偉聯","300","4","2,692","8.98","8.90","1,099","8.98","1,002",
"9914","美利達","1,274","12","402,584","316.00","316.00","1,005","317.50","2,424",
"9917","中保科","914","15","84,541","92.50","92.50","3,010","93.00","1,009",
"9918","欣天然","4","4","152","38.70","38.70","1,461","38.95","170",
"9919","康那香","4,806","37","204,245","42.50","42.40","438,554","42.50","6,477",
"9921","巨大","993","18","320,237","322.50","321.00","1,067","322.50","1,419",
"9924","福興","515","4","22,660","44.00","44.00","1,241","48.00","1,129",
"9925","新保","592","9","22,403","37.85","37.80","4,574","37.85","2,199",
"9926","新海","0","0","0","--","48.10","623","48.35","1,469",
"9927","泰銘","740","5","22,569","30.50","30.50","3,653","30.80","420",
"9928","中視","400","5","2,074","5.19","5.10","1,109","5.19","254",
"9929","秋雨","473","1","5,557","11.75","11.75","1,625","11.80","1,942",
"9930","中聯資源","500","3","22,874","45.75","45.75","3,483","45.90","2,220",
"9931","欣高","158","4","6,262","39.65","39.65","1,160","40.25","1,239",
"9933","中鼎","764","6","27,998","36.65","36.65","7,109","36.95","1,651",
"9934","成霖","623","2","9,968","16.00","16.00","2,785","16.05","3,432",
"9935","慶豐富","2","2","42","21.90","21.90","2,974","22.05","86",
"9937","全國","32","9","1,506","47.10","47.10","4,139","47.20","2,055",
"9938","百和","504","10","45,360","90.00","90.00","5,468","90.40","1,791",
"9939","宏全","1,351","12","93,484","69.20","69.00","3,657","69.20","2,338",
"9940","信義","105","2","3,318","31.60","31.45","3,679","31.60","2,572",
"9941","裕融","1,664","13","219,648","132.00","131.50","7,481","132.00","1,877",
"9941A","裕融甲特","0","0","0","--","50.60","3,596","51.00","1,487",
"9942","茂順","25","1","2,115","84.60","84.40","1,161","84.60","1,508",
"9943","好樂迪","569","7","35,505","62.40","62.30","5,528","62.40","844",
"9944","新麗","965","9","22,095","22.90","--","0","22.90","1,190",
"9945","潤泰新","10,396","78","530,196","51.00","51.00","14,670","51.10","2,595",
"9946","三發地產","1,905","12","27,621","14.50","14.50","2,184","14.65","1,255",
"9955","佳龍","507","10","9,299","18.35","18.30","4,633","18.35","95",
"9958","世紀鋼","1,101","16","116,706","106.00","106.00","1,592","110.00","162",
"　","合計","2,244,488","22,104","191,806,624","--","--","38,653,592","--","1,975,478",